,theme,asof,days,price,dd_52w,dd_pctile,dd_z,vs_sma200,vs_sma50,rs_spy_3m,rs_spy_6m,rs_spy_12m,ret_10d,vol_60d,dollar_vol,tp_pct,sl_pct,dip_low_pct,rr,size_1pct,is_dip,stabilizing,dip_score,price_score,theme_score,is_candidate
REMX,rare-earth,2026-10-05,751.0000,63.5400,-0.4199,0.0082,-1.0591,-0.2598,-0.1199,-0.2550,-0.4634,-0.2374,-0.0958,0.3964,40671043.9181,0.7238,-0.1717,-0.0093,4.2163,0.0583,True,False,0.0696,6,0.0696,True
TAN,solar,2026-10-05,751.0000,43.6700,-0.4093,0.0246,-1.1586,-0.2040,-0.0928,-0.2421,-0.3755,-0.2247,-0.0651,0.3533,33201517.9777,0.6929,-0.1530,-0.0153,4.5296,0.0654,True,False,0.0838,5,0.0838,True
URNM,nuclear,2026-10-05,751.0000,47.9200,-0.4295,0.0328,-0.9606,-0.2059,-0.0963,-0.0931,-0.4202,-0.3583,-0.0785,0.4471,26012480.4038,0.7527,-0.1936,-0.0165,3.8883,0.0517,True,False,0.1114,4,0.1114,True
NLR,nuclear,2026-10-05,751.0000,103.7300,-0.3689,0.0068,-0.9193,-0.1956,-0.0846,-0.1024,-0.4043,-0.4210,-0.0632,0.4013,40085445.2897,0.5846,-0.1738,-0.0099,3.3641,0.0575,True,False,0.1464,5,0.1114,True
URA,nuclear,2026-10-05,751.0000,40.1900,-0.3498,0.0232,-0.7932,-0.1637,-0.0708,-0.0762,-0.3551,-0.3315,-0.0649,0.4410,122934304.2042,0.5379,-0.1909,-0.0664,2.8173,0.0524,True,False,0.2438,5,0.1114,True
KWEB,china,2026-10-05,751.0000,24.5600,-0.3922,0.0232,-1.6169,-0.1551,-0.0610,-0.0761,-0.3091,-0.5635,-0.0246,0.2426,379901067.8385,0.6453,-0.1050,-0.0379,6.1434,0.0952,True,False,0.1121,4,0.1121,True
SLV,silver,2026-10-05,751.0000,55.1300,-0.4779,0.0451,-1.2431,-0.1634,-0.0461,-0.0265,-0.3477,0.1260,-0.0755,0.3845,889318006.4473,0.9155,-0.1665,-0.0860,5.4989,0.0601,True,False,0.1189,7,0.1189,True
SHLD,defense-us,2026-10-05,751.0000,60.4100,-0.2232,0.0232,-1.1054,-0.1096,-0.0651,-0.0918,-0.3714,-0.3113,-0.0438,0.2019,104922375.3879,0.2874,-0.0874,-0.0397,3.2866,0.1144,True,False,0.1613,5,0.1613,True
XAR,defense-us,2026-10-05,751.0000,231.2800,-0.2202,0.0027,-0.8714,-0.1348,-0.1102,-0.2104,-0.3039,-0.1973,-0.0504,0.2526,76295370.8897,0.2823,-0.1094,-0.0001,2.5805,0.0914,True,False,0.2652,6,0.1613,True
ITA,defense-us,2026-10-05,751.0000,206.9800,-0.1817,0.0014,-0.9033,-0.1003,-0.0999,-0.1934,-0.2610,-0.1793,-0.0424,0.2011,185005733.9785,0.2220,-0.0871,0.0000,2.5492,0.1148,True,False,0.3004,6,0.1613,True
PPA,defense-us,2026-10-05,751.0000,155.4600,-0.1589,0.0027,-0.8405,-0.0897,-0.0791,-0.1663,-0.2728,-0.1706,-0.0354,0.1891,46760024.4597,0.1890,-0.0819,-0.0054,2.3079,0.1221,True,False,0.3354,6,0.1613,True
UFO,space,2026-10-05,751.0000,43.5600,-0.3567,0.0301,-1.3064,-0.0801,-0.0239,-0.1404,-0.2994,-0.0069,-0.0137,0.2730,8431172.1468,0.5545,-0.1182,-0.0370,4.6900,0.0846,True,False,0.2179,6,0.2179,True
ARKX,space,2026-10-05,751.0000,32.9100,-0.1280,0.1571,-0.4902,0.0132,0.0121,-0.0293,-0.1107,-0.0645,0.0003,0.2611,14713202.2474,0.1468,-0.1131,-0.1030,1.2981,0.0884,True,True,0.8466,6,0.2179,True
XLU,utilities,2026-10-05,751.0000,39.9700,-0.1451,0.0123,-1.0560,-0.0870,-0.0552,-0.1578,-0.3042,-0.2348,-0.0170,0.1374,1234122815.0538,0.1697,-0.0595,-0.0180,2.8526,0.1681,True,False,0.2385,6,0.2385,True
PBW,clean,2026-10-05,751.0000,29.3200,-0.3667,0.0587,-0.9769,-0.1450,-0.0737,-0.2007,-0.2467,-0.1950,-0.0530,0.3754,10051963.3604,0.5791,-0.1626,-0.0119,3.5628,0.0615,True,False,0.2442,4,0.2442,True
ICLN,clean,2026-10-05,751.0000,17.2900,-0.2700,0.0178,-0.9820,-0.0801,-0.0206,-0.1444,-0.2128,-0.0708,-0.0287,0.2750,118514246.0929,0.3699,-0.1191,-0.0278,3.1069,0.0840,True,False,0.3431,7,0.2442,True
GLD,gold,2026-10-05,751.0000,379.5500,-0.2346,0.0437,-0.9443,-0.0878,-0.0426,-0.0334,-0.2943,-0.1005,-0.0473,0.2485,3331369191.9345,0.3065,-0.1076,-0.0384,2.8493,0.0929,True,False,0.2800,6,0.2800,True
IGF,grid/infra,2026-10-05,751.0000,62.0100,-0.0935,0.0068,-1.1114,-0.0489,-0.0415,-0.1157,-0.2523,-0.1268,-0.0208,0.0841,62212403.9221,0.1032,-0.0364,-0.0113,2.8313,0.2744,True,False,0.3160,7,0.3160,True
PAVE,grid/infra,2026-10-05,751.0000,54.1100,-0.0964,0.1366,-0.5586,-0.0038,-0.0234,-0.0801,-0.1279,-0.0301,0.0194,0.1726,76934398.4258,0.1067,-0.0748,-0.0298,1.4278,0.1338,True,True,0.7558,6,0.3160,True
ITB,housing,2026-10-05,751.0000,85.5800,-0.2374,0.1393,-0.8543,-0.1119,-0.0820,-0.1747,-0.2359,-0.3690,-0.0297,0.2779,210578860.9886,0.3113,-0.1203,-0.0025,2.5870,0.0831,True,False,0.3279,2,0.3279,True
XHB,housing,2026-10-05,751.0000,96.3000,-0.1985,0.1175,-0.8061,-0.0858,-0.0602,-0.1537,-0.2041,-0.2975,-0.0068,0.2462,189996410.6395,0.2476,-0.1066,-0.0218,2.3227,0.0938,True,False,0.4400,3,0.3279,True
INDA,india,2026-10-05,751.0000,46.5700,-0.1577,0.0423,-1.2839,-0.0652,-0.0488,-0.0948,-0.1962,-0.2799,-0.0398,0.1228,241918445.6608,0.1872,-0.0532,-0.0247,3.5203,0.1880,True,False,0.3434,5,0.3434,True
LIT,lithium,2026-10-05,751.0000,70.1300,-0.2313,0.1885,-0.9135,-0.0608,-0.0294,-0.0886,-0.2186,0.0384,-0.0099,0.2532,9623054.3167,0.3008,-0.1096,-0.0483,2.7442,0.0912,True,False,0.3921,5,0.3921,True
IHI,health-other,2026-10-05,751.0000,51.5900,-0.1959,0.0888,-0.8128,-0.0499,-0.0328,-0.0499,-0.2106,-0.3056,-0.0069,0.2410,139983864.6246,0.2436,-0.1044,-0.0811,2.3344,0.0958,True,False,0.4617,4,0.4617,True
XLRE,realestate,2026-10-05,751.0000,40.6700,-0.1086,0.0178,-0.8923,-0.0438,-0.0655,-0.1252,-0.1911,-0.1656,-0.0451,0.1217,258124587.5521,0.1219,-0.0527,0.0000,2.3118,0.1897,True,False,0.4900,6,0.4900,False
VNQ,reit,2026-10-05,751.0000,89.1500,-0.1092,0.0205,-0.9189,-0.0389,-0.0636,-0.1250,-0.1779,-0.1545,-0.0414,0.1189,410205514.4394,0.1226,-0.0515,0.0000,2.3822,0.1943,True,False,0.5041,5,0.5041,False
DTCR,reit,2026-10-05,751.0000,27.4000,-0.1528,0.0423,-0.6015,0.0147,-0.0209,-0.0693,-0.0779,0.1402,-0.0450,0.2540,17220773.7537,0.1803,-0.1100,-0.0307,1.6397,0.0909,True,False,0.8190,7,0.5041,False
VNM,vietnam,2026-10-05,751.0000,16.9000,-0.1465,0.1366,-0.6284,-0.0686,-0.0321,-0.1046,-0.1964,-0.2037,-0.0293,0.2331,9527332.9145,0.1716,-0.1009,-0.0331,1.7002,0.0991,True,False,0.5099,3,0.5099,False
EUAD,defense-eu,2026-10-05,489.0000,41.7000,-0.1363,0.1468,-0.7314,-0.0395,-0.0632,-0.0915,-0.2064,-0.2827,-0.0372,0.1863,5933305.7203,0.1578,-0.0807,-0.0974,1.9557,0.1239,True,False,0.5179,3,0.5179,False
ARGT,argentina,2026-10-05,751.0000,89.5300,-0.1271,0.1544,-0.5252,-0.0303,-0.0343,-0.0742,-0.2154,0.1457,-0.0310,0.2421,12161942.0802,0.1456,-0.1048,-0.0580,1.3895,0.0954,True,False,0.5946,5,0.5946,False
XLY,discretionary,2026-10-05,751.0000,110.4200,-0.1077,0.1230,-0.5640,-0.0469,-0.0332,-0.0961,-0.1649,-0.2403,-0.0161,0.1910,756618321.3822,0.1207,-0.0827,-0.0471,1.4598,0.1209,True,False,0.6287,3,0.6287,False
XLP,staples,2026-10-05,751.0000,81.0400,-0.0823,0.0383,-0.5438,-0.0201,-0.0340,-0.0776,-0.1882,-0.1020,-0.0107,0.1514,905012035.0168,0.0897,-0.0655,-0.0159,1.3684,0.1526,True,False,0.6645,6,0.6645,False
IYT,transport,2026-10-05,751.0000,79.8500,-0.1109,0.1066,-0.7128,-0.0136,-0.0468,-0.1208,-0.1226,-0.0462,-0.0001,0.1555,81836998.9854,0.1247,-0.0674,-0.0167,1.8515,0.1485,True,False,0.6718,4,0.6718,False
JETS,transport,2026-10-05,751.0000,27.8900,-0.1682,0.1352,-0.6109,-0.0228,-0.0612,-0.1810,-0.0658,-0.0347,-0.0386,0.2753,129777261.7389,0.2022,-0.1192,-0.0032,1.6961,0.0839,True,False,0.7268,4,0.6718,False
WGMI,crypto-equity,2026-10-05,751.0000,44.3500,-0.3849,0.2077,-0.4402,-0.0928,-0.0606,-0.1962,0.0266,-0.2163,-0.1294,0.8743,26161179.2788,0.6257,-0.3786,-0.0692,1.6528,0.0264,True,False,0.7033,3,0.7033,False
BLOK,crypto-equity,2026-10-05,751.0000,61.9700,-0.1568,0.2937,-0.3966,0.0341,-0.0017,-0.0332,0.0379,-0.2747,-0.0722,0.3953,15658956.2209,0.1859,-0.1712,-0.2367,1.0862,0.0584,True,False,0.9582,2,0.7033,False
XRT,consumer,2026-10-05,751.0000,82.9200,-0.1002,0.1434,-0.5116,-0.0286,-0.0405,-0.0856,-0.1642,-0.2062,0.0044,0.1959,269281241.4181,0.1114,-0.0848,-0.0128,1.3131,0.1179,True,True,0.7058,5,0.7058,False
XLB,materials,2026-10-05,751.0000,49.5000,-0.0735,0.2486,-0.4536,-0.0152,-0.0358,-0.0734,-0.1879,-0.0468,-0.0042,0.1619,587707880.5791,0.0793,-0.0701,-0.0194,1.1306,0.1426,True,False,0.7203,4,0.7203,False
XLI,industrials,2026-10-05,751.0000,170.1000,-0.0855,0.0587,-0.5915,-0.0085,-0.0347,-0.1037,-0.1432,-0.0546,0.0007,0.1446,1264369157.4906,0.0935,-0.0626,-0.0183,1.4938,0.1597,True,True,0.7209,7,0.7209,False
BOTZ,ai/robot,2026-10-05,751.0000,36.2000,-0.1300,0.1366,-0.5681,-0.0179,0.0108,-0.0495,-0.1036,-0.1685,0.0106,0.2288,21177701.5906,0.1494,-0.0991,-0.0696,1.5080,0.1009,True,True,0.7340,5,0.7340,False
ARKQ,ai/robot,2026-10-05,751.0000,125.8400,-0.1250,0.2049,-0.4256,0.0097,0.0254,-0.0273,-0.0967,-0.0789,0.0028,0.2937,12261980.4926,0.1429,-0.1272,-0.1294,1.1233,0.0786,True,True,0.8812,6,0.7340,False
AIPO,ai/robot,2026-10-05,301.0000,28.9800,-0.1665,0.1099,-0.4406,0.0273,0.0019,-0.0912,-0.0427,0.0763,-0.0028,0.3780,33010787.0608,0.1998,-0.1637,-0.0925,1.2207,0.0611,True,False,0.9164,5,0.7340,False
KBE,banks,2026-10-05,751.0000,64.1500,-0.0999,0.1721,-0.6723,-0.0004,-0.0541,-0.1005,-0.1163,-0.0550,-0.0291,0.1485,113780804.1344,0.1109,-0.0643,-0.0145,1.7247,0.1555,True,False,0.7352,4,0.7352,False
KBWB,banks,2026-10-05,751.0000,87.5600,-0.1173,0.0820,-0.6954,-0.0038,-0.0728,-0.1237,-0.0908,-0.0068,-0.0520,0.1686,216927380.9139,0.1328,-0.0730,-0.0058,1.8193,0.1369,True,False,0.7559,5,0.7352,False
IAI,fin-other,2026-10-05,751.0000,177.6800,-0.1005,0.0984,-0.5152,-0.0111,-0.0524,-0.0952,-0.1133,-0.1406,-0.0503,0.1950,14632380.8174,0.1117,-0.0844,-0.0101,1.3226,0.1184,True,False,0.7832,5,0.7832,False
XLC,comms,2026-10-05,751.0000,111.6100,-0.0621,0.1639,-0.2975,-0.0132,0.0027,-0.0302,-0.1773,-0.2000,-0.0274,0.2086,684704017.8431,0.0662,-0.0903,-0.0589,0.7326,0.1107,True,False,0.7970,3,0.7970,False
XSD,semis,2026-10-05,751.0000,552.4200,-0.1491,0.2281,-0.3153,0.2105,0.0885,-0.0060,0.4438,0.5118,0.0531,0.4731,65968670.3398,0.1753,-0.2048,-0.1868,0.8557,0.0488,True,True,0.9792,7,0.9792,False
DRAM,semis,2026-10-05,128.0000,61.6700,-0.2360,0.5229,-0.3004,,0.0904,-0.0210,0.9330,,0.0015,0.7857,1662432690.9325,0.3089,-0.3402,-0.2727,0.9079,0.0294,True,True,0.9896,3,0.9792,False
IAK,fin-other,2026-10-05,751.0000,138.0500,-0.0890,0.0219,-0.5071,0.0182,-0.0393,-0.1027,-0.1048,-0.1073,-0.0233,0.1756,15966640.8717,0.0977,-0.0760,-0.0180,1.2854,0.1315,False,False,,6,,False
KRE,banks,2026-10-05,751.0000,70.3900,-0.0916,0.3060,-0.5934,0.0077,-0.0476,-0.0958,-0.1133,-0.0231,-0.0222,0.1544,1090741726.5685,0.1008,-0.0668,-0.0135,1.5086,0.1496,False,False,,3,,False
XBI,biotech,2026-10-05,751.0000,156.1900,-0.0788,0.4085,-0.2760,0.1244,-0.0125,-0.0857,0.0320,0.3587,-0.0129,0.2855,1401044644.6293,0.0855,-0.1236,-0.0138,0.6918,0.0809,False,False,,4,,False
IWM,bench,2026-10-05,751.0000,283.3800,-0.0687,0.2486,-0.5236,0.0293,-0.0291,-0.0796,-0.0533,0.0028,-0.0077,0.1313,7029197881.6116,0.0738,-0.0568,-0.0194,1.2985,0.1759,False,False,,5,,False
XLF,financials,2026-10-05,751.0000,53.8800,-0.0767,0.1093,-0.6329,0.0104,-0.0481,-0.0742,-0.0940,-0.1444,-0.0361,0.1211,2103215415.4266,0.0830,-0.0524,-0.0089,1.5831,0.1907,False,False,,4,,False
PPH,health-other,2026-10-05,751.0000,107.6100,-0.0840,0.2527,-0.4317,0.0156,-0.0359,-0.0714,-0.1307,0.0063,-0.0331,0.1947,32397474.0339,0.0917,-0.0843,0.0000,1.0884,0.1186,False,False,,4,,False
IHF,health-other,2026-10-05,751.0000,56.0400,-0.0334,0.6598,-0.2201,0.1096,-0.0076,-0.0622,0.1250,-0.0354,0.0032,0.1518,33505277.2136,0.0346,-0.0657,-0.0298,0.5259,0.1521,False,True,,5,,False
RSP,bench,2026-10-05,751.0000,211.1200,-0.0487,0.1475,-0.4960,0.0332,-0.0225,-0.0520,-0.0848,-0.0448,-0.0073,0.0983,1509336740.0883,0.0512,-0.0425,-0.0147,1.2040,0.2350,False,False,,4,,False
XHS,health-other,2026-10-05,751.0000,135.4600,-0.0241,0.6284,-0.1490,0.1449,0.0035,-0.0493,0.1435,0.1670,0.0010,0.1620,5639982.4929,0.0247,-0.0701,-0.0291,0.3525,0.1426,False,True,,6,,False
EFA,dev-exus,2026-10-05,751.0000,104.0300,-0.0439,0.1735,-0.3401,0.0231,-0.0231,-0.0401,-0.1089,-0.0292,-0.0198,0.1292,1539272883.6128,0.0459,-0.0559,-0.0116,0.8215,0.1788,False,False,,4,,False
GRID,grid/infra,2026-10-05,751.0000,182.1100,-0.0831,0.1189,-0.3345,0.0330,0.0118,-0.0383,-0.0829,0.0328,0.0077,0.2483,90074224.6117,0.0906,-0.1075,-0.0819,0.8424,0.0930,False,True,,7,,False
ROBO,ai/robot,2026-10-05,751.0000,83.3400,-0.0775,0.2486,-0.3228,0.0631,0.0315,-0.0215,0.0104,0.0736,0.0380,0.2401,10447185.2265,0.0840,-0.1039,-0.0910,0.8080,0.0962,False,True,,7,,False
AMLP,oil/gas,2026-10-05,751.0000,52.9700,-0.0573,0.1557,-0.4544,0.0398,-0.0266,-0.0180,-0.1290,0.0596,-0.0254,0.1261,68338297.1157,0.0608,-0.0546,-0.0208,1.1131,0.1831,False,False,,5,,False
XLV,health,2026-10-05,751.0000,167.3700,-0.0437,0.4563,-0.2567,0.0758,-0.0045,-0.0171,-0.0282,0.0181,-0.0097,0.1700,1371975812.0049,0.0456,-0.0736,-0.0158,0.6200,0.1358,False,False,,4,,False
XT,ai/robot,2026-10-05,751.0000,84.9700,0.0000,1.0000,0.0000,0.1088,0.0333,-0.0031,0.0570,0.0782,0.0120,0.1501,5426257.3926,0.0000,-0.0650,0.0000,0.0000,0.1538,False,True,,6,,False
QTUM,ai/robot,2026-10-05,751.0000,156.4000,-0.0689,0.2923,-0.2166,0.1642,0.0513,-0.0030,0.2389,0.2787,0.0250,0.3181,40719614.0649,0.0740,-0.1378,-0.1570,0.5372,0.0726,False,True,,6,,False
SPY,bench,2026-10-05,751.0000,774.8300,-0.0014,0.7404,-0.0130,0.0798,0.0155,0.0000,0.0000,0.0000,0.0017,0.1115,35590588402.0496,0.0014,-0.0483,-0.0292,0.0300,0.2072,False,True,,5,,False
FXI,china,2026-10-05,751.0000,33.8500,-0.1677,0.0888,-0.9588,-0.0610,-0.0361,0.0030,-0.2225,-0.3446,-0.0304,0.1749,633043807.3649,0.2015,-0.0757,-0.0668,2.6603,0.1320,False,False,,4,,False
EEM,em,2026-10-05,751.0000,68.7300,-0.0348,0.4180,-0.1462,0.0930,0.0333,0.0070,0.0279,0.1257,-0.0015,0.2381,1306425572.1072,0.0361,-0.1031,-0.1115,0.3499,0.0970,False,False,,4,,False
IBB,biotech,2026-10-05,751.0000,207.9600,-0.0414,0.4795,-0.1718,0.1477,0.0186,0.0103,0.0502,0.2224,0.0039,0.2412,326554934.1399,0.0432,-0.1044,-0.0287,0.4139,0.0958,False,True,,6,,False
XME,base-metals,2026-10-05,751.0000,107.7600,-0.1876,0.0956,-0.5123,-0.0538,-0.0383,0.0135,-0.2028,-0.0520,-0.0114,0.3663,171635312.0121,0.2310,-0.1586,-0.0951,1.4564,0.0631,False,False,,5,,False
EWY,korea,2026-10-05,751.0000,191.4600,-0.1266,0.3074,-0.2132,0.2214,0.0803,0.0173,0.3384,1.1733,0.0122,0.5935,2371165606.8977,0.1449,-0.2570,-0.2468,0.5638,0.0389,False,True,,6,,False
EWJ,japan,2026-10-05,751.0000,99.3000,0.0000,1.0000,0.0000,0.1010,0.0329,0.0281,-0.0151,0.1220,0.0137,0.2020,390572703.7609,0.0000,-0.0875,0.0000,0.0000,0.1143,False,True,,6,,False
QQQ,bench,2026-10-05,751.0000,756.2000,0.0000,1.0000,0.0000,0.1321,0.0537,0.0282,0.1059,0.0840,0.0199,0.1888,24448366205.7141,0.0000,-0.0818,0.0000,0.0000,0.1223,False,True,,6,,False
SOXX,semis,2026-10-05,751.0000,589.5100,-0.0994,0.4344,-0.2179,0.2923,0.1107,0.0304,0.5333,0.9292,0.0539,0.4563,3651727386.9910,0.1104,-0.1976,-0.2117,0.5587,0.0506,False,True,,6,,False
AIQ,ai/robot,2026-10-05,751.0000,66.8500,-0.0469,0.3702,-0.1763,0.1644,0.0544,0.0380,0.2182,0.1594,0.0081,0.2660,68471264.1136,0.0492,-0.1152,-0.1626,0.4272,0.0868,False,True,,6,,False
OIH,oil/gas,2026-10-05,751.0000,394.7000,-0.1305,0.5109,-0.4587,0.0156,-0.0226,0.0387,-0.1941,0.3729,-0.0049,0.2844,102465858.4877,0.1500,-0.1232,-0.0889,1.2183,0.0812,False,False,,4,,False
PSI,semis,2026-10-05,751.0000,160.1200,-0.1475,0.2842,-0.2492,0.2721,0.1334,0.0406,0.4389,1.0265,0.1052,0.5919,53733538.6997,0.1730,-0.2563,-0.2462,0.6749,0.0390,False,True,,6,,False
PICK,base-metals,2026-10-05,751.0000,61.2400,-0.1041,0.3730,-0.3859,0.0225,-0.0212,0.0410,-0.1066,0.2231,-0.0078,0.2697,37679934.9701,0.1162,-0.1168,-0.0882,0.9948,0.0856,False,False,,4,,False
FDN,internet/ark,2026-10-05,751.0000,293.8300,-0.0102,0.7145,-0.0500,0.1039,0.0226,0.0427,0.0432,-0.1206,-0.0102,0.2036,49813387.8940,0.0103,-0.0881,-0.0272,0.1166,0.1134,False,False,,3,,False
BAI,ai/robot,2026-10-05,489.0000,49.4400,-0.0883,0.3830,-0.1898,0.1976,0.1057,0.0463,0.2566,0.2707,0.0535,0.4654,225530858.1285,0.0969,-0.2015,-0.2415,0.4808,0.0496,False,True,,6,,False
SMH,semis,2026-10-05,751.0000,633.9000,-0.0523,0.5301,-0.1352,0.2655,0.1096,0.0514,0.4190,0.7096,0.0635,0.3871,3612398608.3942,0.0552,-0.1676,-0.2046,0.3295,0.0597,False,True,,6,,False
FCG,oil/gas,2026-10-05,751.0000,29.4700,-0.0888,0.6052,-0.3101,0.0499,-0.0163,0.0582,-0.2299,0.1237,-0.0052,0.2862,31822055.9534,0.0974,-0.1239,-0.1185,0.7859,0.0807,False,False,,4,,False
MAGS,bench,2026-10-05,751.0000,73.5000,0.0000,1.0000,0.0000,0.1176,0.0656,0.0708,0.0771,-0.0228,0.0073,0.2207,299364440.3477,0.0000,-0.0956,0.0000,0.0000,0.1046,False,True,,5,,False
ARKF,fin-other,2026-10-05,751.0000,46.5000,-0.2088,0.2691,-0.6522,0.0936,0.0430,0.0806,0.0266,-0.3633,-0.0211,0.3201,5006028.2893,0.2638,-0.1386,-0.2228,1.9037,0.0722,False,False,,1,,False
XLK,tech,2026-10-05,751.0000,200.9300,0.0000,1.0000,0.0000,0.2187,0.0766,0.0839,0.2906,0.2412,0.0312,0.2578,1424692593.7852,0.0000,-0.1116,0.0000,0.0000,0.0896,False,True,,6,,False
SIL,silver,2026-10-05,751.0000,86.1500,-0.2691,0.0710,-0.5549,-0.0554,-0.0522,0.0869,-0.2437,0.0535,-0.0812,0.4849,82732059.4197,0.3682,-0.2100,-0.1711,1.7533,0.0476,False,False,,6,,False
ARKW,internet/ark,2026-10-05,751.0000,165.9000,-0.0754,0.5123,-0.2501,0.1667,0.0790,0.0880,0.1748,-0.2221,0.0040,0.3014,11664212.0932,0.0815,-0.1305,-0.3101,0.6246,0.0766,False,True,,4,,False
HACK,cyber,2026-10-05,751.0000,124.9800,0.0000,1.0000,0.0000,0.3443,0.0854,0.1002,0.4327,0.2518,0.0163,0.3801,41779651.5353,0.0000,-0.1646,0.0000,0.0000,0.0608,False,True,,6,,False
GDXJ,gold,2026-10-05,751.0000,112.8100,-0.2777,0.0779,-0.5263,-0.0571,-0.0523,0.1015,-0.2512,-0.0120,-0.0805,0.5277,440390722.3844,0.3845,-0.2285,-0.1875,1.6829,0.0438,False,False,,5,,False
ARKK,internet/ark,2026-10-05,751.0000,92.7800,0.0000,1.0000,0.0000,0.1922,0.1120,0.1039,0.1667,-0.1304,0.0227,0.3703,398936976.9492,0.0000,-0.1603,0.0000,0.0000,0.0624,False,True,,5,,False
CIBR,cyber,2026-10-05,751.0000,106.0100,0.0000,1.0000,0.0000,0.3249,0.0844,0.1108,0.4719,0.2123,0.0284,0.3263,183616763.0820,0.0000,-0.1413,0.0000,0.0000,0.0708,False,True,,6,,False
GDX,gold,2026-10-05,751.0000,87.4200,-0.2453,0.0929,-0.5135,-0.0403,-0.0465,0.1151,-0.2501,-0.0282,-0.0742,0.4778,1852866829.2441,0.3251,-0.2069,-0.1908,1.5714,0.0483,False,False,,5,,False
COPX,base-metals,2026-10-05,751.0000,86.3300,-0.1049,0.4577,-0.2561,0.0431,-0.0125,0.1179,-0.0528,0.2883,-0.0133,0.4097,223290901.7295,0.1172,-0.1774,-0.0339,0.6607,0.0564,False,False,,4,,False
EWT,taiwan,2026-10-05,751.0000,118.0000,0.0000,1.0000,0.0000,0.3255,0.1009,0.1194,0.4734,0.7582,0.0204,0.3316,469222388.1955,0.0000,-0.1436,0.0000,0.0000,0.0696,False,True,,6,,False
IGV,software,2026-10-05,751.0000,109.7200,-0.0627,0.4850,-0.1917,0.1720,0.0609,0.1268,0.1821,-0.2220,0.0242,0.3270,858579179.7555,0.0669,-0.1416,-0.3196,0.4723,0.0706,False,True,,4,,False
XLE,energy,2026-10-05,751.0000,63.4500,-0.0319,0.7650,-0.1515,0.1334,0.0250,0.1293,-0.1046,0.3055,0.0159,0.2105,2201285076.6635,0.0329,-0.0911,-0.0307,0.3615,0.1097,False,True,,6,,False
BUG,cyber,2026-10-05,751.0000,47.7300,0.0000,1.0000,0.0000,0.4252,0.1231,0.1438,0.6653,0.1732,0.0383,0.4612,67449732.2819,0.0000,-0.1997,0.0000,0.0000,0.0501,False,True,,6,,False
XOP,oil/gas,2026-10-05,751.0000,187.4400,-0.0576,0.8087,-0.2034,0.1521,0.0253,0.1571,-0.1257,0.2800,0.0146,0.2835,662920847.9688,0.0612,-0.1227,-0.0470,0.4984,0.0815,False,True,,6,,False
SKYY,software,2026-10-05,751.0000,169.8400,0.0000,1.0000,0.0000,0.2773,0.0647,0.1829,0.3460,0.0804,0.0097,0.2826,31438531.5172,0.0000,-0.1224,0.0000,0.0000,0.0817,False,True,,6,,False
WCLD,software,2026-10-05,751.0000,42.1200,-0.0239,0.8770,-0.0614,0.2881,0.0562,0.1842,0.3358,0.0270,0.0203,0.3885,24950218.0161,0.0245,-0.1682,-0.0793,0.1454,0.0594,False,True,,6,,False
EWZ,brazil,2026-10-05,751.0000,42.9800,0.0000,1.0000,0.0000,0.1867,0.1780,0.2019,-0.0560,0.3148,0.1290,0.3415,1379653347.6647,0.0000,-0.1479,0.0000,0.0000,0.0676,False,True,,6,,False
USO,oil/gas,2026-10-05,751.0000,143.9900,-0.1104,0.5328,-0.2094,0.2460,0.0471,0.2831,-0.1455,0.8424,-0.0281,0.5272,992294249.2757,0.1241,-0.2283,-0.0044,0.5437,0.0438,False,False,,4,,False
ARKG,biotech,2026-10-05,751.0000,56.7700,0.0000,1.0000,0.0000,0.5996,0.2091,0.2938,0.9007,0.7341,0.0957,0.4450,211829960.7648,0.0000,-0.1927,0.0000,0.0000,0.0519,False,True,,6,,False
IBIT,crypto-spot,2026-10-05,685.0000,48.5600,-0.3188,0.2598,-0.8351,0.1586,0.1505,0.3044,0.0469,-0.4642,-0.0092,0.3818,2084740582.2731,0.4681,-0.1653,-0.3145,2.8314,0.0605,False,False,,1,,False
ETHA,crypto-spot,2026-10-05,553.0000,20.4300,-0.4292,0.4157,-0.9091,0.2039,0.1693,0.4734,0.0793,-0.5703,-0.0201,0.4721,773208030.8706,0.7518,-0.2044,-0.4254,3.6781,0.0489,False,False,,1,,False
