,wtd_rank,cause,necessity,catalyst,basket,price,wtd,veto,dip_score,dip_rank,stabilizing,theme,dd_52w,tp_pct,sl_pct,dip_low_pct,rr,size_1pct,thin,theme_rank,bucket
REMX,1,9,10,8,7,6,8.25,False,0.07,1,False,rare-earth,-0.42,0.72,-0.17,-0.01,4.22,0.06,False,1,buy
XLU,2,9,10,7,7,6,8.05,False,0.24,9,False,utilities,-0.15,0.17,-0.06,-0.02,2.85,0.17,False,1,buy
IGF,3,7,10,6,10,7,7.85,False,0.32,15,False,grid/infra,-0.09,0.10,-0.04,-0.01,2.83,0.27,False,1,core
XAR,4,7,8,8,10,6,7.70,False,0.27,12,False,defense-us,-0.22,0.28,-0.11,-0.00,2.58,0.09,False,1,buy
PAVE,5,7,10,6,10,6,7.70,False,0.76,23,True,grid/infra,-0.10,0.11,-0.07,-0.03,1.43,0.13,False,2,alt
INDA,6,9,7,7,7,5,7.30,False,0.34,19,False,india,-0.16,0.19,-0.05,-0.02,3.52,0.19,False,1,buy
PPA,7,7,8,8,7,6,7.25,False,0.34,17,False,defense-us,-0.16,0.19,-0.08,-0.01,2.31,0.12,False,2,alt
NLR,8,8,7,8,7,5,7.20,False,0.15,6,False,nuclear,-0.37,0.58,-0.17,-0.01,3.36,0.06,False,1,buy
SHLD,9,7,8,8,7,5,7.10,False,0.16,7,False,defense-us,-0.22,0.29,-0.09,-0.04,3.29,0.11,False,3,alt
SLV,10,9,7,2,10,7,7.05,False,0.12,5,False,silver,-0.48,0.92,-0.17,-0.09,5.50,0.06,False,1,watch
ICLN,11,7,7,7,7,7,7.00,False,0.34,18,False,clean,-0.27,0.37,-0.12,-0.03,3.11,0.08,False,1,buy
ITA,12,7,8,9,4,6,7.00,False,0.30,14,False,defense-us,-0.18,0.22,-0.09,0.00,2.55,0.11,False,4,alt
URNM,13,8,7,9,3,4,6.65,False,0.11,3,False,nuclear,-0.43,0.75,-0.19,-0.02,3.89,0.05,False,2,alt
URA,14,8,7,8,3,5,6.60,False,0.24,10,False,nuclear,-0.35,0.54,-0.19,-0.07,2.82,0.05,False,3,alt
GLD,15,9,5,2,10,6,6.50,False,0.28,13,False,gold,-0.23,0.31,-0.11,-0.04,2.85,0.09,False,1,watch
XHB,16,7,6,7,9,3,6.50,False,0.44,21,False,housing,-0.20,0.25,-0.11,-0.02,2.32,0.09,False,1,buy
TAN,17,6,7,8,5,5,6.30,False,0.08,2,False,solar,-0.41,0.69,-0.15,-0.02,4.53,0.07,False,1,watch
ITB,18,7,6,8,7,2,6.25,False,0.33,16,False,housing,-0.24,0.31,-0.12,-0.00,2.59,0.08,False,2,alt
PBW,19,7,6,7,6,4,6.20,False,0.24,11,False,clean,-0.37,0.58,-0.16,-0.01,3.56,0.06,False,2,alt
IHI,20,5,8,4,7,4,5.55,False,0.46,22,False,health-other,-0.20,0.24,-0.10,-0.08,2.33,0.10,False,1,watch
UFO,21,6,7,2,5,6,5.25,False,0.22,8,False,space,-0.36,0.55,-0.12,-0.04,4.69,0.08,False,1,watch
LIT,22,4,7,7,3,5,5.20,False,0.39,20,False,lithium,-0.23,0.30,-0.11,-0.05,2.74,0.09,False,1,watch
KWEB,23,5,4,6,5,4,4.85,False,0.11,4,False,china,-0.39,0.65,-0.10,-0.04,6.14,0.10,False,1,watch
ARKX,24,6,7,2,5,6,4.25,False,0.85,24,True,space,-0.13,0.15,-0.11,-0.10,1.30,0.09,True,2,watch
