,theme,bucket,why
SLV,silver,watch,watch: no catalyst >= 7 (catalyst 6) and not stabilizing
XLU,utilities,core,"core: broad theme, cause 8 >= 7, necessity 10 >= 8, R/R 3.13 >= 1.3, #1 in theme"
GLD,gold,watch,watch: no catalyst >= 7 (catalyst 6) and not stabilizing; core path: necessity 7 < 8
REMX,rare-earth,watch,watch: no catalyst >= 7 (catalyst 6) and not stabilizing
URNM,nuclear,buy,"buy: cause 8 >= 7, catalyst 8 >= 7, R/R 3.94 >= 1.3, #1 in theme"
NLR,nuclear,alt,"qualifies, but theme #2 behind URNM (one buy per theme)"
IGF,grid/infra,core,"core: broad theme, cause 7 >= 7, necessity 9 >= 8, R/R 3.14 >= 1.3, #1 in theme"
URA,nuclear,alt,"qualifies, but theme #3 behind URNM (one buy per theme)"
XAR,defense-us,watch,watch: no catalyst >= 7 (catalyst 4) and not stabilizing
PPA,defense-us,watch,watch: no catalyst >= 7 (catalyst 4) and not stabilizing
PAVE,grid/infra,watch,watch: no catalyst >= 7 (catalyst 6) and not stabilizing; core path: necessity 7 < 8
INDA,india,watch,watch: no catalyst >= 7 (catalyst 6) and not stabilizing
SHLD,defense-us,watch,watch: no catalyst >= 7 (catalyst 4) and not stabilizing
ICLN,clean,watch,watch: cause 5 < 7; no catalyst >= 7 (catalyst 6) and not stabilizing
XHB,housing,watch,watch: cause 6 < 7
ITA,defense-us,watch,watch: no catalyst >= 7 (catalyst 4) and not stabilizing
ITB,housing,watch,watch: cause 6 < 7
UFO,space,watch,watch: cause 6 < 7; no catalyst >= 7 (catalyst 4) and not stabilizing
ARKX,space,alt,"qualifies, but theme #2 behind UFO (one buy per theme)"
TAN,solar,avoid,cause veto: cause 3 <= 3
KWEB,china,watch,watch: cause 5 < 7
PBW,clean,watch,watch: cause 4 < 7; no catalyst >= 7 (catalyst 6) and not stabilizing
LIT,lithium,watch,watch: cause 5 < 7; no catalyst >= 7 (catalyst 5) and not stabilizing
ARGT,argentina,watch,watch: cause 5 < 7; no catalyst >= 7 (catalyst 5) and not stabilizing
